title,authorLN,authorFN,authorID,year,pages,country,repetition,gender,language
Apologie des Sokrates,Plato,Plato,pplato,1991,61,GRE,0,1,d
Bruederlein und Schwesterlein,Drewermann,Eugen,edrewermann,1991,87,BRD,0,1,d
Ein Kind,Bernhard,Thomas,tbernhard,1991,176,AUT,0,1,d
Moby Dick,Melville,Herman,hmelville,1991,583,USA,0,1,d
Napoleon,Peach,Du-Garde,dpeach,1991,34,GBR,0,1,e
Der Goldene Vogel,Drewermann,Eugen,edrewermann,1991,63,BRD,0,1,d
100 Fragen zur Bibel,Peters,Benedikt,bpeters,1991,200,BRD,0,1,d
Der Besuch der alten Dame,Duerrenmatt,Friedrich,fduerrenmatt,1991,152,SUI,0,1,d
Nineteen Eighty-Four,Orwell,George,gorwell,1991,247,GBR,0,1,e
Adam und der Affe,Berry,Robert J.,rberry,1991,224,GBR,0,1,d
Ausgewaehlte Gedichte,Lenau,Nikolaus,nlenau,1991,78,AUT,0,1,d
The Moon Is Down,Steinbeck,John,jsteinbeck,1991,142,USA,0,1,e
Edvard Munch,Bischoff,Ulrich,ubischoff,1991,96,BRD,0,1,d
The Catcher in the Rye,Salinger,Jerome D.,jsalinger,1991,288,USA,0,1,e
Ratschlaege fuer Seelengewinner,Spurgeon,Charles,cspurgeon,1991,232,GBR,0,1,d
Geboren um zu sterben,Graham,Billy,bgraham,1991,60,USA,0,1,d
Alkestis,Euripides,Euripides,eeuripides,1991,88,GRE,0,1,d
Die Buddenbrooks,Mann,Thomas,tmann,1991,729,BRD,0,1,d
Im Wendekreis des Krebses,Miller,Henry,hmiller,1991,251,USA,0,1,d
Fakten ueber das Christentum,McDowell and Stewa,Josh and Don,jmcdowell,1991,224,USA,0,1,d
Der vergessene Befehl Seid heilig!,McDonald,William,wmcdonald,1991,197,USA,0,1,d
Leben wir in der Endzeit,Bergmann,Gerhard,gbergmann,1991,72,BRD,0,1,d
Das Bilderbuch Gottes,Thielicke,Helmut,hthielicke,1991,304,BRD,0,1,d
Die Kaelte Eine Isolation,Bernhard,Thomas,tbernhard,1991,160,AUT,0,1,d
Die Alkestiade,Wilder,Thornton,twilder,1991,134,USA,0,1,d
Der Zauberberg,Mann,Thomas,tmann,1991,1008,BRD,0,1,d
Die Ursache Eine Andeutung,Bernhard,Thomas,tbernhard,1991,160,AUT,0,1,d
In der Welt habt ihr Angst,Wedemayer,Max,mwedemayer,1991,125,BRD,0,1,d
Zu wenig Gerechte,Weinzierl,Erika,eweinzierl,1991,224,AUT,0,0,d
Ich glaube an den Heiligen Geist,Stott,John,jstott,1991,111,GBR,0,1,d
Warum laesst Gott es zu,Wilder-Smith,A. Ernest,awilder-smith,1991,62,USA,0,1,d
Man nennt mich Mutter Graham,Coffey Graham,Morrow,mcoffey,1991,61,USA,0,0,d
Der Abituriententag,Werfel,Franz,fwerfel,1991,168,AUT,0,1,d
Wie koennen wir denn leben,Shaeffer,Francis,fshaeffer,1991,302,USA,0,1,d
Wissen Sie was Leben ist,Warren,Norman,warren,1991,60,USA,0,1,d
The Hound of the Baskervilles,Doyle,Arthur Conan,adoyle,1991,204,GBR,0,1,e
Liebeskunst,Ovidius Naso,Publius,povidius,1991,144,ITA,0,1,d
12 Engel aus der Hoelle,Wilkerson,David,dwilkerson,1991,172,USA,0,1,d
Haiders Kampf,Scharsach,Hans Henning,hscharsach,1992,236,AUT,0,1,d
Mary Poppins,Travers,PL,ptravers,1992,157,GBR,0,0,e
Die letzte Versuchung,Katzantzakis,Nikos,nkatzantzakis,1992,470,GRE,0,1,d
Evangelist Johannes,Hemberger,Johannes,jhemberger,1992,150,BRD,0,1,d
Jenseits des Schweigenden Sterns,Lewis,Clives Sta,clewis,1992,156,GBR,0,1,d
Albert Einstein,Bernstein,Jeremy,jbernstein,1992,194,USA,0,1,d
Die Kapuzinergruft,Roth,Joseph,jroth,1992,138,AUT,0,1,d
The Unbearable Lightness of Being,Kundera,Milan,mkundera,1992,314,TCH,0,1,e
Die Kreuzersonate,Tolstoj,Leo,ltolstoj,1992,208,RUS,0,1,d
Via Mala,Knittel,John,jknittel,1992,639,SUI,0,1,d
Maria Stuart,Zweig,Stefan,szweig,1992,394,AUT,0,1,d
Segen der Erde,Hamsun,Knut,khamsun,1992,392,NOR,0,1,d
Tagebuecher 1920--21,Nin,Anais,anin,1992,366,USA,0,0,d
Die 40 Tage des Musa Dagh,Werfel,Franz,fwerfel,1992,870,AUT,0,1,d
Fruechte des Zorns,Steinbeck,John,jsteinbeck,1992,512,USA,0,1,d
Mara Marignan,Miller,Henry,hmiller,1992,19,USA,0,1,d
Die Bibel,Yhwh,Yhwh,yyhwh,1992,1143,ISR,0,1,d
Das Beichtsiegel,Bergengruen,Werner,wbergengruen,1992,63,LET,0,1,d
Schoepfung und Fall Versuchung,Bonhoeffer,Dietrich,dbonhoeffer,1992,158,BRD,0,1,d
Der Gehuelfe,Walser,Robert,rwalser,1992,294,SUI,0,1,d
Mit brennender Geduld,Skarmeta,Antonio,askarmeta,1992,150,CHL,0,1,d
Thomas Muentzer,Wehr,Gerhard,gwehr,1992,141,BRD,0,1,d
Der Mann mit der Ledertasche,Bukowski,Charles,cbukowski,1992,172,USA,0,1,d
Die folgende Geschichte,Noteboom,Cees,cnoteboom,1992,147,NED,0,1,d
Der Prozess,Kafka,Franz,fkafka,1992,185,AUT,0,1,d
Warum ich kein Christ bin,Russell,Bertrand,brussell,1992,266,GBR,0,1,d
Ausgewaehlte Schriften,Luther,Martin,mluther,1992,190,BRD,0,1,d
August Weltumsegler,Hamsun,Knut,khamsun,1992,425,NOR,0,1,d
Kasimir und Karoline,Horvath,OEdoen von,ohorvath,1992,159,AUT,0,1,d
Oliver Twist,Dickens,Charles,cdickens,1992,191,GBR,0,1,d
Radetzkymarsch,Roth,Joseph,jroth,1992,244,AUT,0,1,d
Der Schimmelreiter,Storm,Theodor,tstorm,1992,123,BRD,0,1,d
Taufe Wiedergeburt Bekehrung,Rost,erhard,grost,1992,148,BRD,0,1,d
King Lear,Shakespeare,William,wshakespeare,1992,30,GBR,0,1,d
Das 20 Jahrhundert 1918--45,Parker,RAC,rparker,1992,358,GBR,0,1,d
Der Sieg geht weiter,Wunderlich,Berta Isse,bwunderlich,1992,70,BRD,0,0,d
Das ABC der Relativitaetstheorie,Russell,Bertrand,brussell,1992,173,GBR,0,1,d
David Livingstone,Ruppert,Helmut,hruppert,1992,119,BRD,0,1,d
Of Mice and Men,Steinbeck,John,jsteinbeck,1992,88,USA,0,1,e
Chronik eines angekuendigten Todes,Marquez,Gabriel Ga,gmarquez,1992,149,COL,0,1,d
Mond ueber Manhattan,Auster,Paul,pauster,1992,382,USA,0,1,d
Beyond Personality,Lewis,Clives Sta,clewis,1992,64,GBR,0,1,e
Madita,Lindgren,Astrid,alindgren,1992,144,SWE,0,0,d
Kleine Weltgeschichte der Philosoph,Stoerig,Hans Joach,hstoerig,1992,687,BRD,0,1,d
Treasure Island,Stevenson,Robert Lou,rstevenson,1992,231,GBR,0,1,e
Das Laecheln am Fusse der Leiter,Miller,Henry,hmiller,1992,80,USA,0,1,d
Maigret und sein Revolver,Simenon,Georges,gsimenon,1992,164,FRA,0,1,d
Maigret und sein Toter,Simenon,Georges,gsimenon,1992,175,FRA,0,1,d
Clippings from My Notebook,Boom,Corrie ten,cboom,1992,109,NED,0,0,e
The Challenge of Missions,Smith,Oswald J.,osmith,1992,127,USA,0,1,e
Basic Christianity,Stott,John,jstott,1992,142,GBR,0,1,e
Plexus,Miller,Henry,hmiller,1992,472,USA,0,1,d
Stille Tage in Clichy,Miller,Henry,hmiller,1992,90,USA,0,1,d
Schlechte Verlierer,Bukowski,Charles,cbukowski,1992,127,USA,0,1,d
Komm heim!,Busch,Wilhelm,wbusch,1992,144,BRD,0,1,d
Freiheit aus dem Evangelium,Busch,Wilhelm,wbusch,1992,60,BRD,0,1,d
The Good Earth,Buck,Pearl S.,pbuck,1992,318,USA,0,0,e
Mozart sein Charakter,Einstein,Alfred,aeinstein,1992,114,BRD,0,1,d
In der Seelsorge Gottes,Busch,Wilhelm,wbusch,1992,112,BRD,0,1,d
Der junge Mann Luther,Erikson,Erik,eerikson,1992,295,USA,0,1,d
Warten auf Godot,Beckett,Samuel,sbeckett,1992,116,IRL,0,1,d
Dies ist mein Volk,Eban,Abba,aeban,1992,423,ISR,0,1,d
Schuld und Suehne,Dostojewski,Fjodor,fdostojewski,1992,731,RUS,0,1,d
Jennifers Traeume,Kaschnitz,Marie Luis,mkaschnitz,1992,93,AUT,0,0,d
Das Kalkwerk,Bernhard,Thomas,tbernhard,1992,211,AUT,0,1,d
Plaudereien in meinem Studierzimmer,Busch,Wilhelm,wbusch,1992,288,BRD,0,1,d
Hamlet oder Die lange Nacht nimmt ein Ende,Doeblin,Alfred,adoeblin,1992,394,BRD,0,1,d
Kaputt in Hollywood,Bukowski,Charles,cbukowski,1992,142,USA,0,1,d
Ronja Raeubertochter,Lindgren,Astrid,alindgren,1993,237,SWE,0,0,d
Lady Chatterley,Lawrence,David Herbert,dlawrence,1993,280,GBR,0,1,d
Henry Miller,Schmiele,Walter,wschmiele,1993,172,BRD,0,1,d
Der Berg der Stummen,Giono,Jean,jgiono,1993,124,FRA,0,1,d
Hieronymus Bosch,Bosing,Walter,wbosing,1993,96,BRD,0,1,d
Moses,Neher,Andre,aneher,1993,160,BRD,0,1,d
Der Keller---eine Entziehung,Bernhard,Thomas,tbernhard,1993,120,AUT,0,1,d
Andorra,Frisch,Max,mfrisch,1993,127,SUI,0,1,d
Hieronymus Bosch,Schuder,Rosemarie,rschuder,1993,250,AUT,0,0,d
Warum ich nicht religioes bin,Hallesby,Ole,ohallesby,1993,156,USA,0,1,d
Welt und Traum des Hieronymus Bosch,Schuder,Rosemarie,rschuder,1993,167,AUT,0,0,d
Pieter Brueghel der AEltere,Delevoy,Robert,rdelevoy,1993,131,BEL,0,1,d
Netzkarte,Nadolny,Sten,snadolny,1993,163,BRD,0,1,d
Der Seewolf,London,Jack,jlondon,1993,221,USA,0,1,d
Die Entdeckung der Langsamkeit,Nadolny,Sten,snadolny,1993,355,BRD,0,1,d
Maigret und der Fall Josset,Simenon,George,gsimenon,1993,127,FRA,0,1,d
Maigret zoegert,Simenon,George,gsimenon,1993,144,FRA,0,1,d
Melmoth der Wanderer,Maturin,Charles Robert,cmaturin,1993,351,GBR,0,1,d
Die Verwirrungen des Zoeglings Toerless,Musil,Robert,rmusil,1993,140,AUT,0,1,d
Die Pest,Camus,Albert,acamus,1993,182,ALG,0,1,d
Im Westen nichts Neues,Remarque,Erich Maria,eremarque,1993,288,BRD,0,1,d
Die Ochsentour,Bukowski,Charles,cbukowski,1993,109,USA,0,1,d
Krankheit als Metapher,Sontag,Susan,ssontag,1993,104,USA,0,0,d
Briefe an kleine Maedchen,Carroll,Lewis,lcarroll,1993,169,GBR,0,1,d
Moloch,Cendrar,Blaise,bcendrar,1993,322,FRA,0,1,d
Dem Himmel bin ich auserkoren,Wilder,Thornton,twilder,1993,213,USA,0,1,d
Dracula,Stoker,Bram,bstoker,1993,522,GBR,0,1,d
Gruppenentwicklung im Klassenraum und anderswo,Stanford,Gene,gstanford,1993,240,USA,0,1,d
Einen Jux will er sich machen,Nestroy,Johann,jnestroy,1993,100,AUT,0,1,d
Die drei gerechten Kammacher,Keller,Gottfried,gkeller,1993,37,SUI,0,1,d
Ein Gespenst,Hamsun,Knut,khamsun,1993,57,NOR,0,1,d
Vom Schnee der vergangenen Jahre,Brandstetter,Alois,abrandstetter,1993,134,AUT,0,1,d
Der abenteuerliche Simplicissimus,Grimmelshausen,Christoffel von,cgrimmelshausen,1993,638,BRD,0,1,d
Die New York Trilogie,Auster,Paul,pauster,1993,375,USA,0,1,d
Effi Briest,Fontane,Theodor,tfontane,1993,336,BRD,0,1,d
Herr Peter Squenz,Gryphius,Andreas,agryphius,1993,42,BRD,0,1,d
Zen und die Kunst ein Motorrad zu warten,Pirsig,Robert M.,rpirsig,1993,434,USA,0,1,d
Ein Sommernachtstraum,Shakespeare,William,wshakespeare,1993,19,GBR,0,1,d
Landstreicher,Hamsun,Knut,khamsun,1993,431,NOR,0,1,d
Unter dem Astronautenmond,Updike,John,jupdike,1993,399,USA,0,1,d
Wilhelm Meisters Lehrjahre,Goethe,Johann Wolfgang von,jgoethe,1993,241,BRD,0,1,d
Die Blechtrommel,Grass,Guenther,ggrass,1993,736,BRD,0,1,d
Kabale und Liebe,Schiller,Friedrich,fschiller,1993,119,BRD,0,1,d
Draussen vor der Tuer,Borchert,Wolfgang,wborchert,1993,54,BRD,0,1,d
Reigen,Schnitzler,Arthur,aschnitzler,1993,64,AUT,0,1,d
Von morgens bis mitternachts,Kaiser,Georg,gkaiser,1993,64,BRD,0,1,d
Renaissance und Barockthemen,Neumeister,Sebastian,sneumeister,1993,30,BRD,0,1,d
Erziehung des Menschengeschlechts,Barnouw,Jeffrey,jbarnouw,1993,39,USA,0,1,d
Torquato Tasso,Goethe,Johann,jgoethe,1993,59,BRD,0,1,d
Minna von Barnhelm,Lessing,Gotthold Ephraim,glessing,1993,90,BRD,0,1,d
Die neuen Leiden des jungen W,Plenzdorf,Ulrich,uplenzdorf,1993,148,BRD,0,1,d
Lenz,Schneider,Peter,pschneider,1993,90,BRD,0,1,d
Franny und Zooey,Salinger,Jerome David,jsalinger,1993,124,USA,0,1,d
Alice im Spiegelland,Carroll,Lewis,lcarroll,1993,174,GBR,0,1,d
Spuren zum Kreuz,Busch,Wilhelm,wbusch,1993,125,BRD,0,1,d
Hasenherz,Updike,John,jupdike,1993,266,USA,0,1,d
Die Jesusbewegung in USA,Schulte,Anton,aschulte,1993,118,BRD,0,1,d
Der Steppenwolf,Hesse,Hermann,hhesse,1993,322,BRD,0,1,d
Dienstanweisung fuer einen Unterteufel,Lewis,Clives Sta,clewis,1993,140,GBR,0,1,d
Gewitter im Bauch,Schlipper,Annette,aschlipper,1993,174,BRD,0,0,d
Generation X,Coupland,Douglas,dcoupland,1993,224,CAN,0,1,d
Love me tender,Blatter,Silvio,sblatter,1993,206,SUI,0,1,d
Stolz,Nizon,Paul,pnizon,1993,192,SUI,0,1,d
Die Zuflucht,Boom,Corrie ten,cboom,1993,238,NED,0,0,d
Walden,Thoreau,Henry David,hthoreau,1993,323,USA,0,1,d
Aus meiner Hausapotheke,Modersohn,Ernst,emodersohn,1993,61,BRD,0,1,d
Gammler Zen und hohe Berge,Kerouac,Jack,kerouac,1993,178,USA,0,1,d
Am offenen Meer,Strindberg,August,astrindberg,1993,285,SWE,0,1,d
Billy the Kid,Neider,Charles,cneider,1993,237,USA,0,1,d
Viel Laerm um nichts,Shakespeare,William,wshakespeare,1993,24,GBR,0,1,d
Luther im Gespraech,Luther,Martin,mluther,1993,342,BRD,0,1,d
Das letzte Kapitel,Hamsun,Knut,khamsun,1993,525,NOR,0,1,d
Tagebuecher 1955--1966,Nin,Anais,anin,1993,619,USA,0,0,d
Zeno Cosini,Svevo,Italo,isvevo,1993,606,ITA,0,1,d
Knut Hamsun,Schwarzbach,Martin,mschwarzbach,1993,158,BRD,0,1,d
Das Geheimnis des siebten Zaubers,Jones,Diana Wynne,djones,1993,255,USA,0,0,d
Wir handeln mit Traeumen,Schaper,Michael,mschaper,1993,188,BRD,0,1,d
Walt Disney,Reitberger,Reinhold,rreitberger,1993,137,BRD,0,1,d
Die Erfindung der Einsamkeit,Auster,Paul,pauster,1993,238,USA,0,1,d
Der alte Mann und das Meer,Hemingway,Ernest,ehemingway,1993,124,USA,0,1,d
Flaechenland,Abbott,Edwin,eabbott,1993,49,GBR,0,1,d
Gestaendnis einer Maske,Mishima,Yukio,ymishima,1993,151,JAP,0,1,d
Wendekreis des Steinbocks,Miller,Henry,hmiller,1993,318,USA,0,1,d
Oddyssee,Homer,Homer,hhomer,1993,407,GRE,0,1,d
Rechenschaft vor El Greco,Katzantzakis,Nikos,nkatzantzakis,1993,454,GRE,0,1,d
Hebt den Dachbalken hoch Zimmerleute,Salinger,Jerome D.,salinger,1993,159,USA,0,1,d
Der Scherz,Kundera,Milan,mkundera,1993,350,TCH,0,1,d
Alice im Wunderland,Carroll,Lewis,lcarroll,1994,138,GBR,0,1,d
Am Anfang war Erziehung,Miller,Alice,amiller,1994,322,SUI,0,0,d
Augustin Louis Cauchy,Loeffladt,Guenter,gloeffladt,1994,22,FRA,0,1,d
Aus dem Leben Hoedlmosers,Gruber,Reinhard,rgruber,1994,113,AUT,0,1,d
Das andere Geschlecht,Beauvoir,Simone de,sbeauvoir,1994,681,FRA,0,0,d
Das Bettelweib von Locarno,Kleist,Heinrich von,hkleist,1994,4,BRD,0,1,d
Das Buch vom Lachen und Vergessen,Kundera,Milan,mkundera,1994,306,TCH,0,1,d
Das Erdbeben in Chili,Kleist,Heinrich von,hkleist,1994,19,BRD,0,1,d
Das Foucaultsche Pendel,Eco,Umberto,ueco,1994,754,ITA,0,1,d
Das Lachen,Bergson,Henri,hbergson,1994,138,FRA,0,1,d
Das Leben ist anderswo,Kundera,Milan,mkundera,1994,341,TCH,0,1,d
Das Normale und die Sehnsucht,Widmer,Urs,uwidmer,1994,115,SUI,0,1,d
Das Totenschiff,Traven,Bruno,btraven,1994,231,USA,0,1,d
Der Stimmenimitator,Bernhard,Thomas,tbernhard,1994,179,AUT,0,1,d
Der Zweikampf,Kleist,Heinrich von,hkleist,1994,32,BRD,0,1,d
Die Auferstehung,Tolstoj,Leo,ltolstoj,1994,471,RUS,0,1,d
Die Erfindung der Einsamkeit,Auster,Paul,pauster,1994,238,USA,0,1,d
Die gestohlene Schoepfung,Widmer,Urs,uwidmer,1994,236,SUI,0,1,d
Die grossen Mathematiker,Bell,Eric,ebell,1994,540,USA,0,1,d
Die Grossmutter,Simenon,George,gsimenon,1994,198,FRA,0,1,d
Die kleine Hexe,Preussler,Otfried,opreussler,1994,127,BRD,0,1,d
Die Marquise von O,Kleist,Heinrich von,hkleist,1994,50,BRD,1,1,d
Die Musik des Zufalls,Auster,Paul,pauster,1994,254,USA,0,1,d
Die neuen Leiden des jungen W,Plenzdorf,Ulrich,uplenzdorf,1994,148,BRD,0,1,d
Die Roemisch Katholische Kirche,Krenn,Oliver,okrenn,1994,47,AUT,0,1,d
Die Selbstmoerder,Simenon,George,gsimenon,1994,169,FRA,0,1,d
Die Sorge um sich,Foucault,Michel,mfoucault,1994,307,FRA,0,1,d
Die unendliche Geschichte,Ende,Michael,mende,1994,486,BRD,1,1,d
Die Unsterblichkeit,Kundera,Milan,mkundera,1994,416,TCH,0,1,d
Die Verlobung in St Domingo,Kleist,Heinrich von,hkleist,1994,42,BRD,0,1,d
Die Verwirrungen des Zoeglings Toerless,Musil,Robert,rmusil,1994,140,AUT,1,1,d
Die Weber,Hauptmann,Gerhart,ghauptmann,1994,87,BRD,1,1,d
Du sollst nicht merken,Miller,Alice,amiller,1994,410,SUI,0,0,d
Engel Kif und neue Laender,Kerouac,Jack,kerouac,1994,186,USA,0,1,d
Fremd im eigenen Haus,Simenon,George,gsimenon,1994,278,FRA,0,1,d
Giordano Bruno,Drewermann,Eugen,edrewermann,1994,395,BRD,0,1,d
Goldene Zeiten,Brown,Rita Mae,rbrown,1994,187,USA,0,0,d
Grundlagen der Mathematik,Becker,Oskar,obecker,1994,406,BRD,0,1,d
Hallo Mr Gott hier spricht Anna,Fynn,ynn,ffynn,1994,122,IRL,1,1,d
Heinrich Heine,Marcuse,Ludwig,lmarcuse,1994,173,BRD,0,1,d
Heirate mich!,Updike,John,jupdike,1994,300,USA,0,1,d
Herzgetuemmel,Brown,Rita Mae,rbrown,1994,484,USA,0,0,d
Im Land der letzten Dinge,Auster,Paul,pauster,1994,199,USA,0,1,d
Komm wir finden einen Schatz,Janosch,Janosch,janosch,1994,43,BRD,0,1,d
Maigret als moeblierter Herr,Simenon,George,gsimenon,1994,124,FRA,0,1,d
Maigret stellt eine Falle,Simenon,George,gsimenon,1994,197,FRA,0,1,d
Meine Jugend hat spaet begonnen,Miller,Henry,hmiller,1994,124,USA,0,1,d
Mein Leben 1872--1914,Russell,Bertrand,brussell,1994,352,GBR,0,1,d
Michael Ende---Heilung durch magische Phantasien,Berger,Klaus,kberger,1994,129,BRD,0,1,d
Mila 18,Uris,Leon,luris,1994,774,USA,0,1,d
Mond ueber Manhattan,Auster,Paul,pauster,1994,382,USA,1,1,d
Mysterien,Hamsun,Knut,khamsun,1994,290,NOR,0,1,d
Pinocchio,Collodi,Carlo,ccollodi,1994,155,ITA,0,1,d
Prost Mahlzeit!,Pollmer,Udo,upollmer,1994,314,BRD,0,1,d
Pu der Baer,Milne,Alan Alexander,amilne,1994,160,GBR,0,1,d
Rascal der Waschbaer,North,Sterling,snorth,1994,143,USA,0,1,d
Reisebuch,Schiltberger,Hans,hschiltberger,1994,118,BRD,0,1,d
Robert Musil,Berghahn,Wilfried,wberghahn,1994,165,BRD,0,1,d
Rubinroter Dschungel,Brown,Rita Mae,rbrown,1994,254,USA,0,0,d
Schatten ueber Innsmouth,Lovecraft,Howard,hlovecraft,1994,121,GBR,0,1,d
Schlafen auf dem Wind,Wippersberg,W.J.M.,wwippersberg,1994,159,USA,0,0,d
Schweizer Geschichten,Widmer,Urs,uwidmer,1994,164,SUI,0,1,d
Stiller,Frisch,Max,mfrisch,1994,438,SUI,0,1,d
Tigor,Jungk,Peter Stephan,pjungk,1994,287,BRD,0,1,d
Unsere Brueder in den Sekten Die Mormonen,Renker,Z.,zrenker,1994,50,BRD,0,1,d
Unterhaltungen deutscher Ausgewanderten,Goethe,Johann Wolfgang von,jgoethe,1994,101,BRD,0,1,d
Vom Fenster meines Hauses aus,Widmer,Urs,uwidmer,1994,232,SUI,0,1,d
Von Liebe und Schatten,Allende,Isabel,iallende,1994,424,CHL,0,0,d
Wen die Goetter lieben,Infeld,Leopold,linfeld,1994,331,USA,0,1,d
The Bridges of Madison County,Waller,Robert James,rwaller,1995,171,USA,0,1,e
Die Farbe Lila,Walker,Alice,awalker,1995,224,USA,0,0,d
Peter Pan and Wendy,Barrie and Scholl,James and Sophie,jbarrie,1995,114,GBR,0,1,d
Die Aufzeichnungen des Malte Laurids Brigge,Rilke,Rainer Maria,rrilke,1995,174,BRD,0,1,d
Mr Vertigo,Auster,Paul,pauster,1995,293,USA,0,1,d
Pu baut ein Haus,Milne,Alan Alexander,amilne,1995,166,GBR,0,1,d
Nur ein kleiner Dicker,Schulte,Anton,aschulte,1995,134,BRD,0,1,d
Harold and Maude,Higgins,Colin,chiggins,1995,120,USA,0,1,d
Was unsere Liebe vermag,Meves,Christa,cmeves,1995,318,BRD,0,0,d
Die Entwicklung des oesterreichischen Schulwesens von 1750--1938,Scheipl and Seel,Josef and Helmut,jscheipl,1995,104,AUT,0,1,d
Neun Erzaehlungen,Salinger,Jerome David,jsalinger,1995,159,USA,0,1,d
Moon Palace,Auster,Paul,pauster,1995,307,USA,0,1,e
Das Wesen des Hermes,Lukits,Gerhard,glukits,1995,68,AUT,1,1,d
Peter Camenzind,Hesse,Hermann,hhesse,1995,166,BRD,0,1,d
Cyrano von Bergerac,Rostand,Edmond,erostand,1995,156,FRA,0,1,d
Intimate Strangers,Rubin,Lillian B.,lrubin,1995,215,USA,0,0,e
Malina,Bachmann,Ingeborg,ibachmann,1995,356,AUT,0,0,d
Der weisse Wolf,Recheis,Kaethe,krecheis,1995,352,AUT,0,0,d
The Graduate,Webb,Charles,cwebb,1995,192,USA,0,1,e
Francis of Assisi and Mysticism,Downs,Christopher,cdowns,1995,14,NZL,0,1,d
Hauterkrankungen als Botschaften der Seele,Maguire,Anne,amaguire,1995,296,GBR,0,0,d
New Testament Exegesis,Fee,Gordon D.,gfee,1995,188,USA,0,1,e
Der Findling Der Zweikampf Die Marquise von O,Kleist,einrich von,hkleist,1995,102,BRD,1,1,d
Die Farbe der Oelsardinen,Steinbeck,John,jsteinbeck,1995,150,USA,0,1,d
Savonarola s Life,O Neil,James Louis,joneil,1995,221,USA,0,1,e
Der General in seinem Labyrinth,Marquez,Gabriel Garcia,gmarquez,1995,359,COL,0,1,d
Bloss ein boeses Maedchen,Stowe,Rebecca,rstowe,1995,167,USA,0,0,d
Crown of Fire,Paassen,Pierre van,ppaassen,1995,345,USA,0,1,e
Now We Are Six,Milne,Alan Alexander,amilne,1995,102,GBR,0,1,e
Iteration of Rational Functions,Beardon,Alan F.,abeardon,1995,272,GBR,0,1,e
Savonarola s Tune,Finstein,Max,mfinstein,1995,41,USA,0,1,e
Deutschland umsonst,Holzach,Michael,mholzach,1995,251,BRD,0,1,d
Ein Mann wird aelter,Svevo,Italo,isvevo,1995,355,ITA,0,1,d
Im Einsatz fuer Jesus---Programm und Praxis des Pfarrers Wilhelm Busch,Parzany,Ulrich,uparzany,1995,267,BRD,0,1,d
Du selbst bist die Antwort,Lewis,Clives Staples,clewis,1995,312,GBR,0,1,d
Pardon ich bin Christ,Lewis,Clives Staples,lewis,1995,198,GBR,1,1,d
Mein Name sei Gantenbein,Frisch,Max,mfrisch,1995,288,SUI,0,1,d
The Unarmed Prophet,Erlanger,Rachel,rerlanger,1995,328,USA,0,0,e
New York Trilogy,Auster,Paul,pauster,1995,314,USA,0,1,e
Rational Iteration,Steinmetz,Norbert,nsteinmetz,1995,182,BRD,0,1,e
Old Testament Survey,LaSor and Hubbard and Bush,William and David and Frederic,wlasor,1995,674,USA,0,1,e
Leviathan,Auster,Paul,pauster,1995,275,USA,0,1,e
Jakob der Knecht,Singer,Isaac Bashevis,isinger,1995,249,USA,0,1,d
Surprised by Joy,Lewis,Clives Staples,clewis,1996,190,GBR,0,1,e
My Beautiful Feeling,Trobisch,Walter,wtrobisch,1996,74,AUT,0,1,e
Under the Unpredictable Plant,Peterson,Eugene,epeterson,1996,197,USA,0,1,e
Women in the Maze,Tucker,Ruth A.,rtucker,1996,254,USA,0,0,e
Looking Backward 2000--1887,Bellamy,Edward,ebellamy,1996,318,USA,0,1,e
Technopoly,Postman,Neil,npostman,1996,199,USA,0,1,e
Lost Boys,Berenstein,Frederick,fberenstein,1996,197,USA,0,1,e
The Chronicles of Narnia,Lewis,Clives Staples,clewis,1996,1316,GBR,0,1,e
The Body,Colson,Charles,ccolson,1996,416,USA,0,1,e
Fit to Be Tied,Hybels,Bill and Lynne,bhybels,1996,217,USA,0,1,e
Hansi the Girl Who Loved the Swastika,Hirschmann,Maria Anne,hirschmann,1996,243,USA,0,0,e
The Doctrine of God,Bray,Gerald,gbray,1996,251,CAN,0,1,e
The Theology of Hebrews,Lindars,Barnabas,blindars,1996,143,GBR,0,1,e
Jokastes Kinder,Olivier,Christiane,colivier,1996,176,BRD,0,0,d
The Rainbow,Lawrence,D.H.,dlawrence,1996,573,GBR,0,1,e
George Fox and the Children of the Light,Fox,George,gfox,1996,269,GBR,0,1,e
Love not the World,Nee,Watchman,wnee,1996,88,GBR,0,1,e
Creative Ministry,Nouwen,Henri J.M.,hnouwen,1996,147,NED,0,1,e
Civil Disobedience,Thoreau,Henry David,hthoreau,1996,20,USA,0,1,e
The Lord of the Ring,Tolkien,J.R.R.,jtolkien,1996,1008,GBR,0,1,e
Paulus---Rabbi Apostel oder Ketzer,Niemann (Ed),Raul,niemann,1996,160,BRD,0,1,d
Die Strudelhofstiege,Doderer,Heimito von,hdoderer,1996,909,AUT,0,1,d
Released from Bondage,Anderson,Neil T.,nanderson,1996,242,USA,0,1,e
The Anabaptist Story,Estep,William R.,westep,1996,232,USA,0,1,e
This Present Darkness,Peretti,Frank E.,fperetti,1996,376,USA,0,1,e
God Has Spoken,Packer,James Innell,jpacker,1996,155,GBR,0,1,e
Paul---Apostle with the Heart Set Free,Bruce,Frederick Fyvie,fbruce,1996,475,GBR,0,1,e
Finding the Will of God,Waltke,Bruce,bwaltke,1996,180,USA,0,1,e
Trojan Horse,Faris,Don,dfaris,1996,69,CAN,0,1,e
Blood Ties,Brouwer,Siegmund,sbrouwer,1996,337,USA,0,1,e
Living with Unfulfilled Desires,Trobisch,Walter,wtrobisch,1996,130,AUT,0,1,e
How It Feels When Parents Divorce,Krementz,Jill,jkrementz,1996,117,USA,0,0,e
The Millenial Maze,Grenz,Stanley J.,sgrenz,1996,215,CAN,0,1,e
Familie Gutermut,Schulte,Anton,aschulte,1996,78,BRD,0,1,d
The People Called Quakers,Trueblood,D. Elton,dtrueblood,1996,298,USA,0,1,e
The Meaning of the Millenium,Clouse,Robert G.,rclouse,1996,212,USA,0,1,e
Counseling Adolescent Girls,Davis,Patricia,pdavis,1996,100,USA,0,0,e
Love Is a Feeling to Be Learned,Trobisch,Walter,wtrobisch,1996,22,AUT,0,1,e
Leben und Sterben des Taeuferfuehrers Felix Manz,Krasjewski,Ekkehard,ekrasjewski,1996,156,SUI,0,1,d
Who Are the Brethren and Does It Matter,Rowdon,Harold H.,hrowdon,1996,48,USA,0,1,e
Confessions,Hippo,Augustine of,ahippo,1996,352,ITA,0,1,e
Der erste Lehrer,Aitmatow,Tschingis,taitmatow,1996,96,RUS,0,1,d
Kingdoms in Conflict,Colson,Charles,ccolson,1996,585,USA,0,1,e
The Church,Pannenberg,Wolfhart,wpannenberg,1996,165,BRD,0,1,e
Katechismus der Katholischen Kirche,Kirche,Katholische,kkirche,1996,717,VAT,1,1,d
Jonathan Livingstone Seagull,Bach,Richard,rbach,1996,127,USA,0,1,e
The Christ of the Covenants,Robertson,O. Palmer,orobertson,1996,300,USA,0,1,e
Love Has a Price Tag,Elliot,Elisabeth,eelliot,1996,148,USA,0,0,e
Nine Stories,Salinger,J.D.,jsalinger,1997,198,USA,1,1,e
Eutyphro,Plato,Plato,pplato,1997,21,GRE,0,1,d
Helping Victims of Sexual Abuse,Heitritter and Vought,Lynn and Jeanette,lheitritter,1997,270,USA,0,0,e
Homosexuality and the Politics of Truth,Satinover,Jeffrey,jsatinover,1997,250,USA,0,1,e
Concise Theology,Packer,James Innell,jpacker,1997,267,GBR,0,1,e
Phantastes,MacDonald,George,gmacdonald,1997,185,GBR,0,1,e
A Good Man Is Hard to Find,O Connor,Flannery,fo connor,1997,251,USA,0,0,e
The Priestly Office,Dulles,Avery,adulles,1997,72,USA,0,1,e
The Eyes Are Sunlight,Koers,Shirley,skoers,1997,200,AUS,0,0,e
Jesus---the World s Perfecter,Heim,Karl,kheim,1997,234,BRD,0,1,e
Life on the Edge,Dobson,James,jdobson,1997,284,USA,0,1,e
Christ and Conversion,Torrance,Alan,atorrance,1997,68,GBR,0,1,e
Created in God s Image,Hoekema,Anthony A.,ahoekema,1997,243,USA,0,1,e
Hunger,Hamsun,Knut,khamsun,1997,166,NOR,0,1,d
The Cosmic Trilogy,Lewis,Clives Staples,clewis,1997,753,GBR,0,1,e
Matters of Choice,Gordon,Noah,ngordon,1997,448,USA,0,1,e
Sex Love or Infatuation,Short,ay E.,rshort,1997,169,USA,0,1,e
Sex Dating and Love,Short,ay E.,rshort,1997,141,USA,0,1,e
The Clouds,Aristophanes,Aristophanes,aristophanes,1997,62,GRE,0,1,e
Dead Souls,Gogol,Nikolai,ngogol,1997,383,RUS,0,1,e
A Time to Live a Time to Die,Ash,Beatrice,ash,1997,77,CAN,0,0,e
My Antonia,Cather,Will,wcather,1997,372,USA,0,0,e
Isaiah 40--55,North,Christopher R.,cnorth,1997,150,USA,0,1,e
Aging---The Fulfillment of Life,Nouwen and Gaffney,Henri and Walter J.,hnouwen,1997,157,CAN,0,1,e
Restoring the Pleasure,Penner,Clifford and Joyce,cpenner,1997,344,USA,0,0,e
Christian Priesthood Examined,Hanson,Richard,rhanson,1997,117,GBR,0,1,e
Gift and Mystery,Wojtyla,Karol,kwojtyla,1997,100,POL,0,1,e
The Mind on Fire,Pascal and Houston,Blaise and Jim,bpascal,1997,319,FRA,0,1,e
The Giver,Lowry,Lois,llowry,1997,180,USA,0,0,e
The Intruder,Baer,Judy,jbaer,1997,153,USA,0,0,e
You Are Chosen,Hobbs,Hershel H.,hhobbs,1997,120,USA,0,1,e
Tell Me I m Here,Deveson,Anne,adeveson,1997,261,AUS,0,0,e
The Fullness of Christ,Yoder,John Howard,jyoder,1997,105,USA,0,1,e
The Liberty of Obedience,Elliot,Elisabeth,eelliot,1997,95,USA,0,0,e
Isaiah 1--12 (NICOT),Oswalt,John N.,joswalt,1997,295,USA,0,1,e
How to Keep a Spiritual Journal,Klug,Ronald,rklug,1997,120,USA,0,1,e
Angels and Other Strangers,Paterson,Katherine,kpaterson,1997,118,USA,0,0,e
Is Nothing Sacred,Fortune,Marie,mfortune,1997,171,USA,0,0,e
The Mediation of Christ,Torrance,Thomas Forsyth,ttorrance,1997,108,GBR,0,1,e
A Letter Concerning Toleration,Locke,John,jlocke,1997,52,GBR,0,1,e
Mystery of the Roman Ransom,Winterfeld,Henry,hwinterfeld,1997,186,BRD,1,1,e
Christ the Center,Bonhoeffer,Dietrich,dbonhoeffer,1997,113,BRD,0,1,e
Sexual Ethics,Grenz,Stanley,sgrenz,1997,253,CAN,0,1,e
Love Covenant and Meaning,Mills,Jonathan,mills,1997,126,CAN,0,1,e
Selections from the Essays,Montaigne,Michel de,mmontaigne,1997,261,FRA,0,1,e
As You Wish,Massot-Simpson,Christine,cmassot-simpson,1997,135,CAN,0,0,e
Eros Redeemed,White,John,jwhite,1997,276,CAN,0,1,e
The Legend of the Brotherstone,Miller,Calvin,cmiller,1997,83,USA,0,1,e
What s so Amazing about Grace,Yancey,Philip,pyancey,1997,282,USA,0,1,e
Disappointment with God,Yancey,Philip,pyancey,1997,258,USA,0,1,e
The Twenty-four Days before Christmas,L Engle,Madeleine,mlengle,1997,71,USA,0,0,e
A Jest of God,Laurence,Margaret,mlaurence,1997,246,CAN,0,0,e
Forget Me Not,Everett,Deborah,deverett,1997,176,CAN,0,0,e
Longing for Tenderness,Hauer,Gerhard,ghauer,1997,132,BRD,0,1,e
Once upon a Christmas,Griffin,Emilie,egriffin,1997,86,USA,0,0,e
Marriage and Morals,Russell,Bertrand,brussell,1997,215,GBR,0,1,e
Church Dogmatics (Selection),Barth,Karl,kbarth,1997,260,BRD,0,1,e
The Stone Angel,Laurence,Margaret,mlaurence,1997,308,CAN,0,0,e
The World s Christmas,Wyon,Olive,owyon,1997,128,GBR,0,0,e
The Chamber,Grisham,John,jgrisham,1997,676,USA,0,1,e
The Puritan Family,Morgan,Edmund S.,emorgan,1997,186,USA,0,1,e
Life Together,Bonhoeffer,Dietrich,dbonhoeffer,1997,122,BRD,0,1,e
Where Is God When It Hurts,Yancey,Philip,pyancey,1997,183,USA,0,1,e
The Autobiography of George Muller,Muller,George,gmuller,1997,237,GBR,0,1,e
Between Noon and Three,Capon,Robert Farrar,rcapon,1998,295,USA,0,1,e
The Princess and the Goblin,MacDonald,George,gmacdonald,1998,238,GBR,0,1,e
Roger s Version,Updike,John,jupdike,1998,329,USA,0,1,e
The Moral Quest,Grenz,Stan,sgrenz,1998,302,CAN,0,1,e
Jane Eyre,Bronte,Charlotte,cbronte,1998,433,GBR,0,0,e
Watership Down,Adams,Richard,radams,1998,484,GBR,0,1,e
Run with the Horses,Peterson,Eugene H.,epeterson,1998,203,USA,0,1,e
The Abolition of Man,Lewis,Clives Staples,clewis,1998,55,GBR,0,1,e
Breathing Lessons,Tyler,Anne,atyler,1998,338,USA,0,0,e
The Mystery of Marriage,Mason,Mike,mmason,1998,185,CAN,0,1,e
Betrayal of Trust,Bell,Stan Grenz and Roy,sbell,1998,175,CAN,0,1,e
The Art of Biblical Narrative,Alter,Robert,ralter,1998,189,USA,0,1,e
The Roots of Evil,Geisler,Norman L,ngeisler,1998,83,USA,0,1,e
Rebecca,Maurier,Daphne du,dmaurier,1998,397,GBR,0,0,e
To Know As We Are Known,Palmer,Parker J.,ppalmer,1998,151,USA,0,1,e
Commentary on the Old Testament Ruth,Delitzsch,Franz,fdelitzsch,1998,30,BRD,0,1,e
Malina,Bachmann,Ingeborg,ibachmann,1998,356,AUT,1,0,d
Hebt den Dachbalken hoch Zimmerleute,Salinger,J.D.,salinger,1998,69,USA,1,1,d
Gideon s Torch,Colson and Vaughn,Charles and Ellen,ccolson,1998,551,USA,0,1,e
The Return of the Prodigal Son,Nouwen,Henry J. M.,hnouwen,1998,141,NED,0,1,e
When Love Gets Tough The Nursing Home Dilemma,Manning,Doug,dmanning,1998,101,USA,0,1,e
What are People for,Berry,Wendell,wberry,1998,210,USA,0,1,e
Guide to Sex Singleness and Marriage,Board,C. Stephen,board,1998,130,USA,0,1,e
Bilder von Erloesung Das Markusevangelium,Drewermann,Eugen,edrewermann,1998,676,BRD,0,1,d
Glittering Images,Howatch,Susan,showatch,1998,435,GBR,0,0,e
Abschiedswalzer,Kundera,Milan,mkundera,1998,242,TCH,0,1,d
A Wizard of Earthsea,Guin,Ursula Le,uguin,1998,238,USA,0,0,e
In the Country of Last Things,Auster,Paul,pauster,1998,188,USA,0,1,e
Why Write,Auster,Paul,pauster,1998,43,USA,0,1,e
I Know Why the Caged Bird Sings,Angelou,Maya,mangelou,1998,291,USA,0,0,e
Spiritual Leadership,Sanders,Oswald J.,osanders,1998,158,USA,0,1,e
Verbal Aspect in NT Greek,Fanning,Buist M.,bfanning,1998,422,USA,0,1,e
King Lear,Shakespeare,William,wshakespeare,1998,32,GBR,0,1,e
Till we have faces,Lewis,Clives Staples,clewis,1998,313,GBR,0,1,e
Von der Liebe,Hoeg,Peter,phoeg,1998,252,DEN,0,1,d
Wie kommt das Salz ins Meer,Schwaiger,Brigitte,bschwaiger,1998,121,AUT,0,0,d
The Gospel According to Saint Mark,Hooker,Morna D.,mhooker,1998,398,GBR,0,0,e
The Third Peacock,Capon,Robert Farrar,rcapon,1998,119,USA,0,1,e
Die Wand,Haushofer,Marlen,mhaushofer,1998,235,AUT,0,0,d
The Wounded Healer,Nouwen,Henri J. M.,hnouwen,1998,106,NED,0,1,e
Ansichten eines Clowns,Boell,Heinrich,hboell,1998,416,BRD,0,1,d
A Century of Old Testament Studies,Clements,Ronald E.,rclements,1998,149,GBR,0,1,e
Hand to Mouth,Auster,Paul,pauster,1998,129,USA,0,1,e
Die Zuechtigung,Mitgutsch,Anna,amitgutsch,1998,246,AUT,0,0,d
Childhood Boyhood Youth,Tolstoy,eo,ltolstoy,1998,319,RUS,0,1,e
Der doppelte Boden,Reich-Ranicki and Matt,Marcel and Peter von,mreich-ranicki,1998,223,BRD,0,1,d
Adolf Hitler,Toland,John,jtoland,1998,1257,USA,0,1,e
My Name is Asher Lev,Potok,Chaim,cpotok,1998,350,USA,0,1,e
Out of the Saltshaker,Pippert,Rebecca Manley,rpippert,1998,178,USA,0,0,e
Help for the Small Church Pastor,Brierly,Steve R.,sbrierly,1998,130,USA,0,1,e
Die beiden Freundinnen und der Giftmord,Doeblin,Alfred,adoeblin,1998,91,BRD,0,1,d
Esther,Baldwin,Joyce G.,jbaldwin,1998,126,GBR,0,0,e
Born Again,Colson,Charles,ccolson,1998,347,USA,0,1,e
Diet for a New America,Robbins,John,jrobbins,1998,381,USA,0,1,e
Family Ties that Bind,Richardson,Ronald W.,rrichardson,1998,122,CAN,0,1,e
Between Two Worlds The Art of Preaching in the Twentieth century,Stott,John R.W.,jstott,1998,340,GBR,0,1,e
Elsies Lebenslust,Highsmith,Patricia,phighsmith,1998,358,USA,0,0,d
Ich und Du,Buber,Martin,mbuber,1999,142,AUT,0,1,d
The Trouble with Lemons,Hayes,Daniel,dhayes,1999,187,USA,0,1,e
Mathematisches Denken,Koerner,Thomas William,tkoerner,1999,685,GBR,0,1,d
Abschied von Sidonie,Hackl,Erich,ehackl,1999,128,AUT,0,1,d
41 lustige Raeubergeschichten,Hiel,Ingeborg,ihiel,1999,112,AUT,0,0,d
Die Globalisierungsfalle,Martin and Schumann,Hans-Peter and Harald,hmartin,1999,335,AUT,0,1,d
Die Omama im Apfelbaum,Lobe,Mira,mlobe,1999,111,AUT,0,0,d
Der Fall Maurizius,Wassermann,Jakob,jwassermann,1999,455,BRD,0,1,d
Mein Name sei Gantenbein,Frisch,Max,mfrisch,1999,288,SUI,1,1,d
Die Mystifikationen der Sophie Silber,Frischmuth,Barbara,bfrischmuth,1999,252,AUT,0,0,d
Die natuerliche Gemeindeentwicklung,Schwarz,Christian A.,cschwarz,1999,127,BRD,0,1,d
41 lustige Gespenstergeschichten,Hiel,Ingeborg,ihiel,1999,142,AUT,0,0,d
Like Dew Your Youth,Peterson,Eugene H.,epeterson,1999,117,USA,0,1,e
Das Geheimnis des Puppenspielers,Waluszek,Christian,cwaluszek,1999,253,BRD,0,1,d
Thomas Bernhard,Hoeller,Hans,hhoeller,1999,134,AUT,0,1,d
The Bible,YHWH,YHWH,yyhwh,1999,1143,ISR,1,1,e
Das kleine Pferd,Iversen,Kjeld,kiversen,1999,128,DEN,0,1,d
Das Register,Gstrein,Norbert,ngstrein,1999,300,AUT,0,1,d
Das Geheimnis von Nabelan Kabelan,Teeuwen,Jacques,jteeuwen,1999,248,NED,0,1,d
Essays Reden Vermischte Schriften,Bachmann,ngeborg,ibachmann,1999,367,AUT,0,0,d
Schreckliches Kind,Gstaettner,Egyd,egstaettner,1999,179,AUT,0,1,d
The Calling,Andrew,Brother,bandrew,1999,229,NED,0,1,e
Das letzte Kapitel,Hamsun,Knut,khamsun,1999,525,NOR,1,1,d
Und etliches fiel auf den Fels,Giertz,Bo,bgiertz,1999,274,SWE,0,1,d
Die Aufzeichnungen des Malte Laurids Brigge,Rilke,Rainer Maria,rrilke,1999,350,AUT,1,1,d
Cyrano von Bergerac,Rostand,Edmond,erostand,1999,156,FRA,1,1,d
The Night of Wishes,Ende,Michael,mende,1999,218,BRD,0,1,e
UEber das Altern,Amery,Jean,jamery,1999,132,AUT,0,1,d
I Know This Much Is True,Lamb,Wally,wlamb,1999,897,USA,0,1,e
Wie eine Traene im Ozean,Sperber,Manes,msperber,1999,1034,AUT,0,1,d
Der Kampf um die Barbacane,Habeck,Fritz,fhabeck,1999,269,AUT,0,1,d
A River Runs Through It,Mclean,Norman,nmclean,1999,237,USA,0,1,e
Amerika,Kafka,Franz,fkafka,1999,332,AUT,1,1,d
Die Schrecken des Eises und der Finsternis,Ransmayr,Christoph,cransmayr,1999,275,AUT,0,1,d
Le Morte D Arthur,Malory and Baines,Thomas and Keith,tmalory,1999,507,GBR,0,1,e
Der Zauberberg,Mann,Thomas,tmann,1999,657,BRD,1,1,d
Die Spur des verlorenen Kindes,Schellenbaum,Peter,pschellenbaum,1999,280,SUI,0,1,d
Die Stadt der Blinden,Saramago,Jose,jsaramago,1999,399,POR,0,1,d
A Soldier of the Great War,Helprin,Mark,mhelprin,1999,792,USA,0,1,e
Lena,Recheis,Kaethe,krecheis,1999,303,AUT,0,0,d
The Great Code,Frye,Northrop,nfrye,1999,256,CAN,0,1,e
Nichts Neues im Westen,Remarque,Erich Maria,eremarque,1999,288,BRD,1,1,d
Autobiography,Lisieux,Therese de,tlisieux,1999,224,FRA,0,0,e
Jittoku lacht den Mond an,Baatz,Ursula,ubaatz,1999,121,AUT,0,0,d
Kai und die Liebe zu den Modellen,Frischmuth,Barbara,bfrischmuth,1999,208,AUT,0,0,d
Tortilla Flats,Steinbeck,John,jsteinbeck,1999,277,USA,0,1,e
Anne of Green Gables,Montgomery,Lucy Maud,lmontgomery,1999,309,CAN,0,0,e
Middlemarch,Eliot,George,geliot,1999,682,GBR,0,1,e
Teaching a Stone to Talk,Dillard,Annie,adillard,1999,175,USA,0,0,e
Between Noon and Three,Capon,Robert Farrar,rcapon,1999,295,USA,1,1,e
Texas,Michener,James,jmichener,1999,1322,USA,0,1,e
Lancelot,Percy,Walker,wpercy,1999,279,USA,0,1,e
The Communist Manifesto,Marx and Engels and Taylor,Karl and Friedrich and AJP,kmarx,1999,124,BRD,0,1,e
Selige Zeiten bruechige Welt,Menasse,Robert,menasse,1999,374,AUT,0,1,d
Der gute Mensch von Sezuan,Brecht,Bertold,bbrecht,1999,144,BRD,0,1,d
Writings Selected,Weil,Simone,sweil,2000,143,FRA,0,0,e
Girl Interrupted,Kaysen,Susanna,kaysen,2000,169,USA,0,0,e
Tales of the Hasidim,Buber,Martin,mbuber,2000,342,ISR,0,1,e
Becoming Human,Vanier,Jean,jvanier,2000,163,CAN,0,1,e
The Brothers Karamazov,Dostoevsky,Fyodor,fdostoevsky,2000,913,RUS,0,1,e
Romans,Bruce,F. F.,fbruce,2000,270,GBR,0,1,e
Titus Andronicus,Shakespeare,William,wshakespeare,2000,25,GBR,0,1,e
Mystik und Widerstand,Soelle,Dorothee,dsoelle,2000,370,BRD,0,0,d
Prayer,Balthasar,Hans-Urs von,hbalthasar,2000,311,SUI,0,1,e
Chicago Days Hoboken Nights,Pinkwater,Daniel,pinkwater,2000,0,USA,0,1,e
The One the Three and the Many,Gunton,Colin E.,gunton,2000,231,GBR,0,1,e
Memories Dreams Reflections,Jung,. G.,cjung,2000,0,SUI,0,1,e
A Separate Peace,Knowles,John,jknowles,2000,196,USA,0,1,e
The Epistle to the Romans,Moo,Douglas J.,dmoo,2000,941,USA,0,1,e
Shadow on my Soul,Quinn,Paula,pquinn,2000,188,USA,0,0,e
The Second Foundation,Asimov,Isaac,iasimov,2000,0,USA,0,1,e
Der Roemerbrief,Barth,Karl,kbarth,2000,605,BRD,0,1,d
The Transparent Self,Jourard,Sidney M.,sjourard,2000,155,USA,0,1,e
Bunte Steine,Stifter,Adalbert,astifter,2000,307,AUT,1,1,d
Ivanhoe,Scott,Sir Walter,sscott,2000,497,GBR,0,1,e
The Hound of Heaven,Thompson,Francis,fthompson,2000,26,GBR,0,1,e
The Courage to Be,Tillich,Paul,ptillich,2000,190,USA,0,1,e
The Disappearance of Childhood,Postman,Neil,npostman,2000,153,USA,0,1,e
Jakob von Gunten,Walser,Robert,rwalser,2000,158,SUI,0,1,d
Als das Brot kostbar war,Wessler,Heinrich,hwessler,2000,207,BRD,0,1,d
Die Toten von Reval,Bergengruen,Werner,wbergengruen,2000,208,LIT,0,1,d
The Handmaid s Tale,Atwood,Margaret,matwood,2000,0,CAN,0,0,e
Men are from Earth Women are from Earth,Bradshaw,John,bradshaw,2000,0,USA,0,1,e
Harry Potter and the Sorcerer s Stone,Rowling,J. K.,jrowling,2000,309,GBR,0,0,e
Stages of Faith,Fowler,James T.,jfowler,2000,303,USA,0,1,e
Existentialism from Dostoevsky to Sartre,Kaufmann,Walter,wkaufmann,2000,315,USA,0,1,e
To the Lighthouse,Woolf,Virginia,vwoolf,2000,192,GBR,0,0,e
The Way of the Modern World,Gay,Craig,cgay,2000,313,CAN,0,1,e
Great Expectations,Dickens,Charles,cdickens,2000,0,GBR,0,1,e
A Prayer for Owen Meany,Irving,John,jirving,2000,617,USA,0,1,e
Op-Center,Clancy,Tom,tclancy,2000,0,USA,0,1,e
The Prophet,Gibran,Kahlil,kgibran,2000,124,LEB,0,1,e
Die Psalmen,Bonhoeffer,Dietrich,dbonhoeffer,2000,63,BRD,0,1,d
The Unconsoled,Ishiguro,Kazuo,kishiguro,2000,535,GBR,0,1,e
Weihnachten im Hause Bonhoeffer,Leibholz-Bonhoeffer,Sabine,sleibholz-bonhoeffer,2000,111,BRD,0,0,d
An Anthology,Weil,Simone,sweil,2000,298,FRA,0,0,e
Fear and Trembling,Kierkegaard,Soeren,skierkegaard,2000,147,DEN,0,1,e
Reflections on the Psalms,Lewis,Clive Staples,clewis,2000,115,GBR,0,1,e
The Great Gatsby,Fitzgerald,Francis S.,ffitzgerald,2000,217,USA,0,1,e
A Grief Observed,Lewis,Clive Staples,clewis,2000,151,GBR,0,1,e
Tractatus logico-philosophicus,Wittgenstein,Ludwig,lwittgenstein,2000,115,AUT,0,1,d
Sky,Gault,Connie,cgault,2001,79,CAN,0,0,e
A Wrinkle in Time,l Engle,Madeleine,mlengle,2001,198,USA,0,0,e
The Raging Quiet,Jordan,Sheryl,sjordan,2001,266,USA,0,0,e
Other People s Children,Trollope,Joanna,jtrollope,2001,279,GBR,0,0,e
A Fine Balance,Mistry,Rohinton,rmistry,2001,748,CAN,0,1,e
Oscariana,Wilde,Oscar,owilde,2001,112,GBR,0,1,e
Briefwechsel,Abaelard,Petrus and Heloisa,pabaelard,2001,419,FRA,0,1,d
De Profundis,Wilde,Oscar,owilde,2001,133,GBR,0,1,e
The Devil s Arithmetic,Yolen,Jane,jyolen,2001,170,USA,0,0,e
The Expectant Father,Brott and Ash,Armin A. and Jennifer,abrott,2001,249,USA,0,1,e
Homesick,Vanderhaeghe,Guy,gvanderhaeghe,2001,292,CAN,0,1,e
The Prayer of Jabez,Wilkinson,Bruce,bwilkinson,2001,93,USA,0,1,e
Theology of Hope,Moltmann,Juergen,jmoltmann,2001,338,BRD,0,1,e
Care of the Soul,Moore,Thomas,tmoore,2001,325,USA,0,1,e
The Cloister Walk,Norris,Kathleen,knorris,2001,384,USA,0,0,e
The Bell Jar,Plath,Sylvia,splath,2001,264,USA,0,0,e
Immortality of the Soul or Resurrection of the Dead,Cullmann,Oscar,ocullmann,2001,60,SUI,0,1,e
The Idiot,Dostoevsky,Fyodor,fdostoevsky,2001,578,RUS,0,1,e
The Manticore,Davies,Robertson,rdavies,2001,281,CAN,0,1,e
The Cloud of Unknowing---The Book of Privy Counseling,Johnston (Anonymous),William,wjohnston,2001,188,GBR,0,1,e
A Current View of Client-Centered Therapy,Rogers,Carl R,crogers,2001,231,USA,0,1,e
The Resurrection of the Dead,Barth,Karl,kbarth,2001,223,SUI,0,1,e
Fifth Business,Davies,Robertson,rdavies,2001,273,CAN,0,1,e
The Return of the Prodigal Son,Nouwen,Henri,hnouwen,2001,151,NED,0,1,e
Cognitive Therapy and the Emotional Disorders,Beck,Aaron T,abeck,2001,337,USA,0,1,e
Waiting for Godot,Beckett,Samuel,sbeckett,2001,120,IRL,0,1,e
Harry Potter and the Prisoner of Azkaban,Rowling,Joanne K,jrowling,2001,317,GBR,0,0,e
Introduction to Real Analysis,Stoll,Manfred,mstoll,2001,541,USA,0,1,e
Harry Potter and the Chambers of Secrets,Rowling,Joanne K,jrowling,2001,251,GBR,0,0,e
God s Empowering Presence,Fee,Gordon D,gfee,2001,915,USA,0,1,e
Oscar Wilde,Calloway and Colvin,Stephen and David,scalloway,2001,106,GBR,0,1,e
Fathers and Sons,Turgenev,Ivan,iturgenev,2001,295,RUS,0,1,e
A Way of Being,Rogers,Carl R,crogers,2001,356,USA,0,1,e
Der Schattenbruder,Kruse,Max,mkruse,2001,347,BRD,1,1,d
Orthodoxy,Chesterton,G K,gchesterton,2002,160,GBR,0,1,e
The Noonday Demon,Solomon,Andrew,asolomon,2002,443,USA,0,1,e
Apocalypse,Ellul,Jacques,jellul,2002,255,FRA,0,1,e
Theology of Revelation,Bauckham,Richard,rbauckham,2002,164,GBR,0,1,e
The Mighty Magician,Calderon,Pedro,pcalderon,2002,62,ESP,0,1,e
The Book of Revelation,Beale,G K,gbeale,2002,1157,USA,0,1,e
The Sermon on the Mount,Guelich,Robert A,rguelich,2002,416,USA,0,1,e
Jayber Crow,Berry,Wendell,wberry,2002,363,USA,0,1,e
First Peter,Marshall,I Howard,imarshall,2002,0,GBR,0,1,e
The Book of Lights,Potok,Chaim,cpotok,2002,389,USA,0,1,e
Moses,Buber,Martin,mbuber,2002,202,ISR,0,1,e
The Satanic Mill,Preussler,Otfried,opreussler,2002,252,BRD,1,1,e
Chronicles of Narnia,Lewis,C S,clewis,2002,1316,GBR,1,1,e
Schriften,Bloch,Ernst,ebloch,2002,181,BRD,0,1,d
The Man Who Was Thursday,Chesterton,G K,gchesterton,2002,186,GBR,0,1,e
The Book of Revelation Justice and Judgment,Schuessler-Fiorenza,Elisabeth,eschuessler-fiorenza,2002,236,USA,0,0,e
Cry the Beloved Country,Paton,Alan,apaton,2002,317,RSA,0,1,e
Kristin Lavransdatter The Wreath,Undset,Sigrid,sundset,2002,297,NOR,0,0,e
Inside Out,Crabb,Larry,lcrabb,2002,223,USA,0,1,e
Brief an den Vater,Kafka,Franz,fkafka,2002,19,AUT,0,1,d
First Epistle of Peter,Selwyn,E G,eselwyn,2002,0,GBR,0,1,e
Harry Potter and the Goblet of Fire,Rowling,Joanne K,jrowling,2002,636,GBR,0,0,e
Reversed Thunder,Peterson,Eugene,epeterson,2002,194,USA,0,1,e
The Remains of the Day,Ishiguro,Kazuo,kishiguro,2003,245,GBR,0,1,e
1 and 2 Timothy Titus,Fee,Gordon D.,fee,2003,303,USA,0,1,e
Letters to Paul s Delegates,Johnson,Luke Timothy,ljohnson,2003,254,USA,0,1,e
Alias Grace,Atwood,Margaret,matwood,2003,563,CAN,0,0,e
Real Presences,Steiner,Georg,gsteiner,2003,232,USA,0,1,e
Ludwig Wittgenstein,Monk,Ray,rmonk,2003,586,GBR,0,1,e
A Feminist Companion to Mark,Levine,Amy-Jill,alevine,2003,234,USA,0,0,e
On Death and Dying,Kuebler-Ross,Elisabeth,ekuebler-ross,2003,247,USA,0,0,e
The Gospel According to St Mark,Cranfield,C. E. B.,ccranfield,2003,476,GBR,0,1,e
The New Testament and the People of God,Wright,N. T.,nwright,2003,476,GBR,0,1,e
Let the Reader Understand,Fowler,Robert M.,rfowler,2003,266,USA,0,1,e
Now and Then,Buechner,Frederick,fbuechner,2003,109,USA,0,1,e
The Gospel According to Mark,Hooker,Morna D.,mhooker,2003,398,GBR,1,0,e
Gott als Geheimnis der Welt,Juengel,Eberhard,ejuengel,2003,543,BRD,0,1,d
The Discovery of North America,Lopez,Barry,blopez,2003,58,USA,0,1,e
The Sacred Journey,Buechner,Frederick,fbuechner,2003,112,USA,0,1,e
The Art of Biblical History,Long,V. Philips,vlong,2003,230,GBR,0,1,e
Harry Potter and the Order of the Phoenix,Rowling,J. K.,jrowling,2003,768,GBR,0,0,e
Logical Options,Bell and DeVidi and Solomon,John L. and David and Graham,jbell,2003,260,CAN,0,1,e
In the Skin of a Lion,Ondaatje,Michael,mondaatje,2003,244,CAN,0,1,e
Telling Secrets,Buechner,Frederick,fbuechner,2003,106,USA,0,1,e
Ferdinand de Saussure,Culler,Jonathan,jculler,2003,150,USA,0,1,e
Job and Jonah,Vawter,Bruce,bvawter,2004,117,USA,0,1,e
Oryx and Crake,Atwood,Margaret,matwood,2004,443,CAN,0,0,e
The Text of the Old Testament,Wuerthwein,Ernst,ewuerthwein,2004,237,BRD,0,1,d
Ilias,Homer,Homer,hhomer,2004,565,GRE,0,1,d
She s Come Undone,Lamb,Wally,wlamb,2004,465,USA,0,1,e
Inside Out,Lau,Evelyn,elau,2004,212,CAN,0,0,e
Timbuktu,Auster,Paul,pauster,2004,181,USA,0,1,e
Any Known Blood,Hill,Lawrence,lhill,2004,509,CAN,0,1,e
Spadework,Findley,Timothy,tfindley,2004,520,CAN,0,1,e
2 Samuel,Peterson,Eugene H.,epeterson,2004,131,USA,0,1,e
Texts of Terror,Trible,Phyllis,ptrible,2004,109,USA,0,0,d
Brief an den Vater,Kafka,Franz,fkafka,2005,40,AUT,1,1,d
Der kurze Brief zum langen Abschied,Handke,Peter,phandke,2005,204,AUT,0,1,d
Momo,Ende,Michael,mende,2005,304,BRD,1,1,d
Disappearing Moon Cafe,Lee,Sky,slee,2005,237,CAN,0,1,e
Barney s Version,Richler,Mordecai,mrichler,2005,417,CAN,0,1,e
Elle,Glover,Douglas,dglover,2005,224,CAN,0,1,e
Rockbound,Day,Frank,fday,2005,323,CAN,0,1,e
Adam,Nouwen,Henri J. M.,hnouwen,2005,128,CAN,0,1,e
Fear and Trembling,Kierkegaard,Soren,skierkegaard,2005,132,DEN,1,1,e
The Gift of Death,Derrida,Jacques,jderrida,2005,115,FRA,0,1,e
Harry Potter and the Half-Blood Prince,Rowling,J. K.,jrowling,2005,652,GBR,0,0,e
Sounder,Armstrong,William,warmstrong,2005,83,USA,0,1,e
Fidelity,Berry,Wendell,wberry,2005,201,USA,0,1,e
The Secular City,Cox,Harvey,hcox,2005,235,USA,0,1,e
Voluntary Simplicity,Elgin,Duane,delgin,2005,218,USA,0,1,e
The Rules of Engagement,Brookner,Anita,abrookner,2006,247,GBR,0,0,e
The Red Tent,Diamant,Anita,adiamant,2006,321,USA,0,0,e
The Autobiography of Joseph Stalin,Lourie,Richard,rlourie,2006,261,USA,0,1,e
The Queen of Spades,Pushkin,Alexander,apushkin,2006,45,RUS,0,1,e
Anna on the Neck,Chekhov,Anton,achekhov,2006,15,RUS,0,1,e
The Outrage,Kuprin,Alexander,akuprin,2006,17,RUS,0,1,e
Eleven Kinds of Loneliness,Yates,Richard,ryates,2006,173,USA,0,1,e
The Seven Storey Mountain,Merton,Thomas,tmerton,2006,422,USA,0,1,e
King Candaules,Gautier,Theophile,tgautier,2006,139,FRA,0,1,e
St Francis of Assisi,Chesterton,G. K.,gchesterton,2006,139,GBR,0,1,e
The Concept of Logical Consequence,Etchemendy,John,jetchemendy,2006,159,USA,0,1,e
The God Who May Be,Kearney,Richard,rkearney,2007,185,IRL,0,1,e
Cato Bontjes van Beek Ich habe nicht um mein Leben gebettelt,Vinke,Hermann,vinke,2007,215,BRD,0,1,e
Beloved,Morrison,Toni,tmorrison,2007,275,USA,0,0,e
In the Name of Jesus,Nouwen,Henri,hnouwen,2007,107,NED,0,1,e
Koenig Kandaules,Gide,Andre,agide,2007,93,FRA,0,1,d
Sophie s Choice,Styron,William,wstyron,2007,515,USA,0,1,e
Theaterstuecke,Hebbel,Friedrich,fhebbel,2007,69,BRD,0,1,d
The Tin Flute,Roy,Gabrielle,groy,2007,383,CAN,0,0,e
The Tasks of Philosophy,MacIntyre,Alasdair,amacintyre,2007,187,USA,0,1,e
The Power and the Glory,Greene,Graham,ggreene,2007,222,GBR,0,1,e
Zur Genealogie der Moral,Nietzsche,Friedrich,fnietzsche,2007,159,BRD,0,1,d
Gilead,Robinson,Marilynne,mrobinson,2007,247,USA,0,0,e
The Reveries of the Solitary Walker,Rousseau,Jean-Jacques,jrousseau,2007,143,FRA,0,1,e
The Road,McCarthy,Cormac,cmccarthy,2007,287,USA,0,1,e
Einfuehrung in die Astronomie,Rohlfs,Kristen,krohlfs,2007,285,BRD,0,1,d
The Divine Comedy,Alighieri,Dante,dalighieri,2007,895,ITA,0,1,e
On Chesil Beach,McEwan,Ian,imcewan,2008,166,GBR,0,1,e
His Dark Materials,Pullman,Philip,ppullman,2008,1243,GBR,0,1,e
Late Nights on Air,Hay,Elizabeth,ehay,2008,364,CAN,0,0,e
Travels in the Scriptorium,Auster,Paul,pauster,2008,145,USA,0,1,e
German Literature in the Era of Enlightenment and Sensibility,Becker-Cantarino,Barbara,bbecker-cantarino,2008,22,USA,0,0,e
Enlightenment Thought and Natural Law from Leibniz to Kant and its Influence on German Literature,Hammermeister,Kai,khammermeister,2008,17,USA,0,1,e
Gottsched s Literary Reforms The Beginning of Modern German Literature,Goodman,Katherine R.,kgoodman,2008,17,USA,0,0,e
Enlightenment in Austria Cultural Identity and a National Literature,Eybl,Franz M.,feybl,2008,15,AUT,0,1,e
Eighteenth-Century German in its Historical Context,Wilson,W. Daniel,wwilson,2008,16,USA,0,1,e
The Legacy of the Enlightenment Critique from Hamann and Herder to the Frankfurt School,Holub,Robert C.,rholub,2008,2,USA,0,1,e
The Way of Ignorance,Berry,Wendell,wberry,2008,180,USA,0,1,e
Kant A Biography,Kuehn,Manfred,mkuehn,2008,422,USA,0,1,e
Essay On Man,Pope,Alexander,apope,2008,15,GBR,0,1,e
Mozart A Cultural Biography,Gutman,Robert W.,rgutman,2008,368,USA,0,1,e
Modularity of Mind,Fodor,Jerry,jfodor,2008,129,USA,0,1,e
The Mind Doesn t Work That Way,Fodor,Jerry,jfodor,2008,100,USA,0,1,e
Slaughterhouse-Five,Vonnegut,Kurt,kvonnegut,2008,215,USA,0,1,e
The Architecture of the Mind,Carruthers,Peter,pcarruthers,2008,288,USA,0,1,e
Escaping the Self,Baumeister,Roy,rbaumeister,2009,213,USA,0,1,e
Tracking the Truth,Roush,Sherrilyn,sroush,2009,224,USA,0,0,e
The Sources of Normativity,Korsgaard,Christine,ckorsgaard,2009,130,USA,0,0,e
Philosophy of Sex,Soble,Alan,asoble,2009,0,USA,0,1,e
Metaphysik der Sitten,Kant,Immanuel,ikant,2009,0,BRD,0,1,d
Intercourse,Dworkin,Andrea,adworkin,2009,247,USA,0,0,e
Utilitarianism,Mill,John Stuart,jmill,2009,64,GBR,0,1,e
Brooklyn Follies,Auster,Paul,pauster,2009,306,USA,0,1,e
Ethics and the Limits of Philosophy,Williams,Bernard,bwilliams,2009,202,GBR,0,1,e
Elements of Style,White,E.B.,ebwhite,2009,132,USA,0,1,e
Lust,Jelinek,Elfriede,ejelinek,2009,255,AUT,0,0,d
The Brothers K,Duncan,David James,dduncan,2009,643,USA,0,1,e
Babi Yar,Kuznetsov,A. Anatoli,akuznetsov,2010,404,UKR,0,1,e
Im Krebsgang,Grass,Guenter,ggrass,2010,216,BRD,0,1,d
Le Petit Prince,Saint-Exupery,Antoine de,asaintexupery,2010,86,FRA,0,1,f
Life After Theory,Payne and Schad,Michael and John,payneschad,2010,189,USA,0,1,e
What Is a Woman the Missing Mother and Representation of Patriarchy,Moi,Toril,tmoi,2010,154,USA,0,0,e
Die phaenomenologische Methode,Husserl,Edmund,ehusserl,2010,270,BRD,0,1,d
Maigret et le clochard,Simenon,Georges,gsimenon,2010,187,FRA,0,1,f
Day of the Dragon King,Osborne,Mary Pope,mosborne,2010,68,USA,0,0,e
The Collapse of the Fact-Value Dichotomy,Putnam,Hilary,hputnam,2010,145,USA,0,1,e
From Stimulus to Science,Quine,WOV,wquine,2010,99,USA,0,1,e
Bonjour Tristesse,Sagan,Francoise,fsagan,2010,180,FRA,0,0,f
Evidentialism,Conee and Feldman,Earl and Richard,coneefeldman,2010,306,USA,0,1,e
Old Friends,Dixon,Stephen,sdixon,2010,220,USA,0,1,e
L homme qui plantait des arbres,Giono,Jean,jgiono,2010,16,FRA,0,1,f
Knowledge and Its Limits,Williamson,Timothy,twilliamson,2010,301,USA,0,1,e
The Satanic Mill,Preussler,Otfried,opreussler,2010,250,BRD,0,1,e
Simulating Minds,Goldman,Alvin,agoldman,2010,303,USA,0,1,e
Mindreading,Nichols and Stich,Shaun and Stephen,ssnicholsstich,2010,213,USA,0,1,e
The Idea of a Social Science and Its Relation to Philosophy,Winch,Peter,pwinch,2010,177,GBR,0,1,e
Otherwise,Mowat,Farley,fmowat,2011,309,CAN,0,1,e
The Golden Mean,Lyon,Annabel,alyon,2011,284,CAN,0,0,e
Chemistry for Beginners,Strong,Anthony,astrong,2011,347,GBR,0,1,e
Nicomachean Ethics,Aristotle,Aristotle,aristotle,2011,258,GRE,0,1,e
Carnap s Early Conventionalism,Runggaldier,Edmund,erunggaldier,2011,140,AUT,0,1,e
Everyman,Roth,Philip,proth,2011,184,USA,0,1,e
Every Last One,Quindlen,Anna,aquindlen,2011,299,USA,0,0,e
Saturday,McEwan,Ian,imcewan,2011,279,GBR,0,1,e
The Flying Classroom,Kaestner,Erich,ekaestner,2011,223,BRD,0,1,e
The Sportswriter,Ford,Richard,rford,2011,375,USA,0,1,e
Five on a Treasure Island,Blyton,Enid,eblyton,2011,44,GBR,0,0,e
Five Go Adventuring Again,Blyton,Enid,eblyton,2011,44,GBR,0,0,e
Five Run Away Together,Blyton,Enid,eblyton,2011,44,GBR,0,0,e
Girl with the Dragon Tattoo,Larsson,Stieg,slarsson,2011,590,SWE,0,1,e
Genealogy of Morality,Nietzsche,Friedrich,fnietzsche,2011,120,BRD,1,1,e
The Invention of Hugo Cabret,Selznick,Brian,bselznick,2011,511,USA,0,1,e
Dialogues Concerning Natural Religion,Hume,David,dhume,2011,89,GBR,0,1,e
Truth and Truthfulness,Williams,Bernard,bwilliams,2011,277,GBR,0,1,e
Husband and Wife,Stewart,Leah,sstewart,2011,347,USA,0,0,e
Treatise on Human Nature,Hume,David,dhume,2012,401,GBR,0,1,e
Hume Variations,Fodor,Jerry,jfodor,2012,158,USA,0,1,e
Discipline and Punish,Foucault,Michel,mfoucalut,2012,308,FRA,0,1,e
History of Sexuality Introduction,Foucault,Michel,mfoucault,2012,166,FRA,0,1,e
The Borrowers,Norton,Mary,mnorton,2012,180,GBR,0,0,e
Eclipse of God,Buber,Martin,mbuber,2012,137,ISR,0,1,e
Furnishing the Mind,Prinz,Jesse,jprinz,2012,315,USA,0,1,e
Knowledge and the Flow of Information,Dretske,Fred,fdretske,2012,235,USA,0,1,e
Psychosemantics,Fodor,Jerry,jfodor,2012,154,USA,0,1,e
Saint Foucault Towards a Gay Hagiography,Halperin,David,dhalperin,2012,185,USA,0,1,e
Kritik der praktischen Vernunft,Kant,Immanuel,ikant,2012,207,BRD,0,1,d
Intimate Terrorism,Miller,Michael Vincent,mmiller,2012,237,USA,0,1,e
Blue Nights,Didion,Joan,jdidion,2012,188,USA,0,0,e
Portnoy s Complaint,Roth,Philip,proth,2012,274,USA,0,1,e
What We Talk About When We Talk About Love,Carver,Raymond,rcarver,2012,188,USA,0,1,e
The Girl Who Played With Fire,Larsson,Stieg,slarsson,2012,503,SWE,0,1,e
How Should a Person Be,Heti,Sheila,sheti,2012,279,CAN,0,0,e
Probability Theory the Logic of Science,Jaynes,Edwin T.,ejaynes,2012,681,USA,0,1,e
Real Materialism and Other Essays,Strawson,Galen,gstrawson,2012,454,GBR,0,1,e
Dad,Wharton,William,wwharton,2012,449,USA,0,1,e
Normative Ethics,Kagan,Shelly,skagan,2012,320,USA,0,1,e
The Hobbit,Tolkien,J.R.R.,jtolkien,2012,280,GBR,0,1,e
Kontemplative Exerzitien,Jalics,Franz,fjalics,2012,399,BRD,0,1,d
Journal 1935--1944,Sebastian,Mihail,msebastian,2012,641,RUM,0,1,e
The Westing Game,Raskin,Ellen,eraskin,2012,182,USA,0,0,e
An Enquiry Concerning the Principles of Morals,Hume,David,dhume,2012,156,GBR,0,1,e
Subjective Probability,Jeffrey,Richard,rjeffrey,2013,113,USA,0,1,e
La femme qui attendait,Makine,Andrei,amakine,2013,214,FRA,0,1,f
L ignorance,Kundera,Milan,mkundera,2013,237,TCH,0,1,f
On What Matters Volume One,Parfit,Derek,dparfit,2013,419,GBR,0,1,e
The Logic of Decision,Jeffrey,Richard,rjeffrey,2013,227,USA,0,1,e
Momo,Ende,Michael,mende,2013,304,BRD,1,1,e
Hotzenplotz 3,Preussler,Otfried,opreussler,2013,126,BRD,0,1,d
Information A Very Short Introduction,Floridi,Luciano,lfloridi,2013,121,ITA,0,1,e
Fablehaven,Mull,Brandon,bmull,2013,321,USA,0,1,e
Hors de moi,van Cauwelaert,Didier,dvcauwelaert,2013,217,FRA,0,1,f
Logicomix,Doxiadis,Apostolos,adoxiadis,2013,344,GRE,0,1,e
La Bicyclette bleue,Deforges,Regine,rdeforges,2013,413,FRA,0,0,f
Les recres du petit Nicolas,Goscinny,Rene,rgoscinny,2013,125,FRA,0,1,f
Because of Winn-Dixie,DiCamillo,Kate,kdicamillo,2013,182,USA,0,0,e
Euthyphro,Plato,Plato,pplato,2013,19,GRE,1,1,e
Apology,Plato,Plato,pplato,2013,13,GRE,1,1,e
Gorgias,Plato,Plato,pplato,2013,113,GRE,0,1,e
The Wise Men of Schilda,Preussler,Otfried,opreussler,2013,185,BRD,0,1,e
Scientific Reasoning The Bayesian Approach,Howson and Urbach,Colin and Peter,howsonurbach,2013,302,GBR,0,1,e
Betting on Theories,Maher,Patrick,pmaher,2014,244,AUS,0,1,e
Planted,Kostamo,Leah,lkostamo,2014,152,CAN,0,0,e
Ce que le jour doit a la nuit,Khadra,Yasmina,ykhadra,2014,441,ALG,0,1,f
Symmetry and Its Discontents,Zabell,Sandy,szabell,2014,269,USA,0,1,e
Animal Farm,Orwell,George,gorwell,2014,112,GBR,0,1,e
The Bride Stripped Bare,Gemmell,Nikki,ngemmell,2014,374,AUS,0,0,e
35 kilos d espoir,Gavalda,Anna,agavalda,2014,75,FRA,0,0,f
Le coeur regulier,Adam,Olivier,oadam,2014,217,FRA,0,1,f
Le premier jour,Levy,Marc,mlevy,2014,500,FRA,0,1,f
The Brothers Lionheart,Lindgren,Astrid,alindgren,2014,188,SWE,0,0,e
Men Explain Things to Me,Solnit,Rebecca,rsolnit,2014,124,USA,0,0,e
Smart,Slater,Kim,kslater,2014,229,GBR,0,0,e
Le mythe de Sisyphe,Camus,Albert,acamus,2014,185,ALG,0,1,f
L etranger,Camus,Albert,acamus,2014,191,ALG,0,1,f
La valse lente des tortues,Pancol,Katherine,kpancol,2015,753,FRA,0,0,f
Hygiene de l assassin,Nothomb,Amelie,anothomb,2015,222,FRA,0,0,f
Discourse on Method,Descartes,Rene,rdescartes,2015,54,FRA,0,1,e
Le crepuscule des elfes,Fetjaine,Jean-Louis,jlfetjaine,2015,350,FRA,0,1,f
La femme de papier,Rey,Francoise,rfrancoise,2015,186,FRA,0,0,f
Le sermon sur la chute de Rome,Ferrari,Jerome,jferrari,2015,204,FRA,0,1,f
Matin et soir,Fosse,Jon,jfosse,2016,123,NOR,0,1,f
Critical Condition,Finn,Patrick,pfinn,2016,110,CAN,0,1,e
Rien ne s oppose a la nuit,de Vigan,Delphine,ddevigan,2016,401,FRA,0,0,f
Le confident,Gremillon,Helene,hgremillon,2016,311,FRA,0,0,f
Un secret,Grimbert,Philippe,pgrimbert,2016,185,FRA,0,1,f
Heavenly Mathematics,van Brummelen,Glen,gvbrummelen,2016,208,CAN,0,1,e
Thought and Reality,Dummett,Michael,mdummett,2016,109,GBR,0,1,e
Kafka s Other Trial,Canetti,Elias,ecanetti,2016,118,GBR,0,1,e
The Clocks,Christie,Agatha,achristie,2016,297,GBR,0,0,e
Franz Kafka A Collection of Criticism,Hamalian,Leo,lhamalian,2016,143,USA,0,1,e
Testaments Betrayed An Essay in Nine Parts,Kundera,Milan,mkundera,2016,279,FRA,0,1,e
The Sickness unto Death,Kierkegaard,Soeren,skierkegaard,2016,131,DEN,0,1,e
Brief an den Vater,Kafka,Franz,fkafka,2017,40,TCH,1,1,e
Amerika,Kafka,Franz,fkafka,2017,288,AUT,1,1,e
Letters to Milena,Kafka,Franz,fkafka,2017,298,TCH,0,1,e
The Metamorphosis and Other Stories,Kafka,Franz,fkafka,2017,275,AUT,0,1,e
Der Prozess,Kafka,Franz,fkafka,2017,185,AUT,0,1,d
Das Schloss,Kafka,Franz,fkafka,2017,284,TCH,0,1,d
Foucault A Critical Reader,Hoy,David Couzens,dchoy,2017,239,USA,0,1,e
I Want to Live,Lugovskaya,Nina,nlugovskaya,2017,270,RUS,0,0,e
Germinal,Zola,Emile,ezola,2017,502,FRA,0,1,f
L amie prodigieuse,Ferrante,Elena,eferrante,2017,430,ITA,0,0,f
Le Petit Prince,Saint-Exupery,Antoine de,asaintexupery,2017,86,FRA,1,1,f
The Garden of Eden,Hemingway,Ernest,ehemingway,2018,247,USA,0,1,e
Le petit Nicolas,Goscinny,Rene,rgoscinny,2018,157,FRA,0,1,f
Mein Ruebezahl Buch,Preussler,Otfried,opreussler,2018,203,BRD,0,1,d
Si c est un homme,Levi,Primo,plevi,2018,315,ITA,0,1,f
Un instant d abandon,Besson,Philippe,pbesson,2018,213,FRA,0,1,f
Le nouveau nom,Ferrante,Elena,eferrante,2018,640,ITA,0,0,f
Der Geliebte der Mutter,Widmer,Urs,uwidmer,2018,130,SUI,0,1,d
Book of Greek Myths,d Aulaire,Ingri and Edgar Parin,daulaire,2018,189,USA,0,0,e
Nos separations,Foenkinos,David,dfoenkinos,2018,218,FRA,0,1,f
Philosophie des Stattdessen,Marquard,Odo,omarquard,2018,139,BRD,0,1,d
Woodcutters,Bernhard,Thomas,tbernhard,2019,181,AUT,0,1,e
The Wild Duck,Ibsen,Henrik,hibsen,2019,146,NOR,0,1,e
Ficciones,Borges,Jorge Luis,jlborges,2019,142,ARG,0,1,e
Homo Faber,Frisch,Max,mfrisch,2019,220,SUI,0,1,d
le livre de ma mere,Cohen,Albert,acohen,2019,222,SUI,0,1,f
Gehen,Bernhard,Thomas,tbernhard,2019,101,AUT,0,1,d
Amras,Bernhard,Thomas,tbernhard,2019,60,AUT,0,1,e
Walking,Bernhard,Thomas,tbernhard,2019,50,AUT,0,1,e
The Brothers Lionheart,Lindgren,Astrid,alindgren,2019,188,SWE,1,0,e
Aufzeichnungen aus dem Untergrund,Dostoevsky,Fyodor,fdostoevsky,2019,146,RUS,0,1,d
Ausloeschung,Bernhard,Thomas,tbernhard,2019,651,AUT,0,1,d
Der Antichrist,Nietzsche,Friedrich,fnietzsche,2019,78,BRD,0,1,d
Jenseits von Gut und Boese,Nietzsche,Friedrich,fnietzsche,2019,201,BRD,0,1,d
Zur Genealogie der Moral,Nietzsche,Friedrich,fnietzsche,2019,159,BRD,1,1,d
Die froehliche Wissenschaft,Nietzsche,Friedrich,fnietzsche,2019,192,BRD,0,1,d
Morgenroethe,Nietzsche,Friedrich,fnietzsche,2019,270,BRD,0,1,d
Menschliches Allzumenschliches,Nietzsche,Friedrich,fnietzsche,2019,301,BRD,0,1,d
Ecce Homo,Nietzsche,Friedrich,fnietzsche,2019,105,BRD,0,1,d
Kafka sur le rivage,Haruki,Murakami,hmurakami,2019,638,JAP,0,1,f
The Catcher in the Rye,Salinger,Jerome D.,jsalinger,2019,288,USA,1,1,e
Molloy,Beckett,Samuel,sbeckett,2019,170,IRL,0,1,e
Lolita,Nabokov,Vladimir,vnabokov,2019,298,USA,0,1,e
Sein und Zeit,Heidegger,Martin,mheidegger,2019,437,BRD,0,1,d
Chanson douce,Slimani,Leila,lslimani,2020,245,FRA,0,0,f
Philosophical Introductions,Habermas,Juergen,jhabermas,2020,169,BRD,0,1,e
History of Sexuality The Use of Pleasure,Foucault,Michel,mfoucault,2020,254,FRA,0,1,e
Vernon Subutex tome 1,Despentes,Virginie,vdespentes,2020,429,FRA,0,0,f
Holzwege,Heidegger,Martin,mheidegger,2020,382,BRD,0,1,d
The Malaise of Modernity,Taylor,Charles,ctaylor,2020,121,CAN,0,1,e
Meditations of First Philosophy,Descartes,Rene,rdescartes,2020,85,FRA,0,1,e
Utilitarianism,Mill,John Stuart,jmill,2020,64,GBR,1,1,e
Le journal dAurelie Laflamme tome 1,Desjardins,India,idesjardins,2020,237,CAN,0,0,f
History of Sexuality The Care of the Self,Foucault,Michel,mfoucault,2020,240,FRA,0,1,e
Le nouveau nom,Ferrante,Elena,eferrante,2020,480,ITA,0,0,f
The Sources of Normativity,Korsgaard,Christine,ckorsgaard,2021,166,USA,1,0,e
Les particules elementaires,Houellebecq,Michel,mhouellebecq,2021,317,FRA,0,1,f
Lincoln in the Bardo,Saunders,George,gsaunders,2021,343,USA,0,1,e
Retour a Reims,Eribon,Didier,deribon,2021,248,FRA,0,1,f
The Book of Dust La Belle Sauvage,Pullman,Philip,ppullman,2021,449,GBR,0,1,e
Beim Bau der chinesischen Mauer Ungedruckte Prosa,Kafka,Franz,fkafka,2021,272,TCH,0,1,d
La Maison aux Esprits,Allende,Isabel,iallende,2022,468,CHL,0,0,f
